,def_strc,def_ctrl,unique_strc,unique_ctrl,intersection,union,intersection_size,union_size,inter_over_union
1,G,G,G,G,G,G,1,1,1.0
2,G,GC,G,CG,G,CG,1,2,0.5
3,A,A,A,A,A,A,1,1,1.0
4,GA,M,GA,CA,A,CGA,1,3,0.3333333333333333
5,G,G,G,G,G,G,1,1,1.0
6,R,G,GA,G,G,GA,1,2,0.5
7,G,G,G,G,G,G,1,1,1.0
8,A,A,A,A,A,A,1,1,1.0
9,T,K,T,TG,T,TG,1,2,0.5
10,G,G,G,G,G,G,1,1,1.0
11,R,AG,GA,GA,GA,GA,2,2,1.0
12,AC,B,CA,CTG,C,CTGA,1,4,0.25
13,T,T,T,T,T,T,1,1,1.0
14,R,M,GA,CA,A,CGA,1,3,0.3333333333333333
15,Y,T,CT,T,T,CT,1,2,0.5
16,R,G,GA,G,G,GA,1,2,0.5
17,Y,T,CT,T,T,CT,1,2,0.5
18,C,C,C,C,C,C,1,1,1.0
19,C,CA,C,CA,C,CA,1,2,0.5
20,G,K,G,TG,G,TG,1,2,0.5
21,G,K,G,TG,G,TG,1,2,0.5
22,K,T,TG,T,T,TG,1,2,0.5
23,H,D,CTA,TGA,TA,CTGA,2,4,0.5
24,C,C,C,C,C,C,1,1,1.0
25,C,C,C,C,C,C,1,1,1.0
26,RY,T,CTGA,T,T,CTGA,1,4,0.25
27,K,K,TG,TG,TG,TG,2,2,1.0
28,W,KY,TA,CTG,T,CTGA,1,4,0.25
29,W,W,TA,TA,TA,TA,2,2,1.0
30,YR,M,CTGA,CA,CA,CTGA,2,4,0.5
31,G,R,G,GA,G,GA,1,2,0.5
32,G,G,G,G,G,G,1,1,1.0
33,C,Y,C,CT,C,CT,1,2,0.5
34,D,V,TGA,CGA,GA,CTGA,2,4,0.5
35,T,T,T,T,T,T,1,1,1.0
36,G,R,G,GA,G,GA,1,2,0.5
37,H,Y,CTA,CT,CT,CTA,2,3,0.6666666666666666
38,G,R,G,GA,G,GA,1,2,0.5
39,G,K,G,TG,G,TG,1,2,0.5
40,R,A,GA,A,A,GA,1,2,0.5
41,G,GT,G,TG,G,TG,1,2,0.5
42,Y,T,CT,T,T,CT,1,2,0.5
43,R,G,GA,G,G,GA,1,2,0.5
44,Y,KS,CT,CTG,CT,CTG,2,3,0.6666666666666666
45,AT,T,TA,T,T,TA,1,2,0.5
46,TG,G,TG,G,G,TG,1,2,0.5
47,Y,Y,CT,CT,CT,CT,2,2,1.0
